"id","text"
1,"A body wah cry a-house, an'a body wah cry a-doo', a same t'ing"
2,"A body wah dem no wan' fo' roas', no fo' si' down carnah fiah"
3,"Accouri know he teet' 'trang; da mek he eat banga"
4,"Accouri tek cayman teet' he mek sugah cake"
5,"A come fo' milk cow, no fo' reckon cattle"
6,"A cow wah cry fo' watah na he a-want am"
7,"A daag hab libaty fo' watch a-de gubnah"
8,"A daag mout' mek he can't climb tree"
9,"After night ma'nin' come"
10,"A gold mek Bacra a dead wid yalla febah t'day"
11,"A good frien' is bettah dan money in de pocket"
12,"A hard t'ing fo' pay fo' music when you no heah banja play"
13,"A hass, good heart mek man a-ride am as he like"
14,"A hint to Beniba mek Quashiba tek notice"
15,"A little is bettah dan not'in.'"
16,"All bi'd can sing, but a11 bi'd can't talk"
17,"All carrin crow a-nyam dead meat, but all dag na a-nyam am"
18,"All cassada got same 'kin, but all na tas'e same way"
19,"All cow a-cry, but na all cow a-butt"
20,"All daag can bark, but some frighten fo' bite"
21,"All fool can talk, but na all can heah"
22,"All high bed no saf.'"
23,"Alligittah an' cayman, a11 same t'ing"
24,"Alligittah no a-gie he picknie suck, but dem lib"
25,"Alligittah nyam crapaud fo'belly full, an' duck fo' sweet mout'"
26,"Alligittah see fowl, he say a fish"
27,"All kin' ob plesha mus' get wan 'taff-aff"
28,"All man can talk, but na all can do"
29,"All po'k favah matty, but na all a-season"
30,"All sweet na sweet, all bittah na bittah"
31,"A man no know he own want is a fool"
32,"Anlucky bi'd often get anlucky trap"
33,"Ants know hard time a-come, da mek he does carry plenty food fo' put a-he house"
34,"A place fish watah deh, a de blue fly lib"
35,"A place weh rat 'crape you a-see am fo' slice, weh he 'tan' up you no a-see am"
36,"A pound ob fretment no pay a gill of debtment"
37,"A same place pimplah chook you' foot, a same place you must take am out"
38,"A sense nancy bin got when monkey go fo' kill, he halla gun man a-come"
39,"Ashes col', daag lie down deh"
40,"As he 'kin 'tan', so 'tan' he heart"
41,"As long as school missy an' school massa deh, wha' you no know t'day you sa know to-morrow"
42,"A tigah bigness an' sense mek he lib a-bush to-day"
43,"A time sun a-down fowl no a-grabble fo' he chicken, ya grabble fo' hese'f"
44,"A watch a-you' doo' mout', an' me know how you' house inside 'tan'"
45,"Awe lib a-bush"
46,"Awe two coo-coo can't tu'n in de same pat"
47,"Baby born, he foot small"
48,"Back can wait, but no belly"
49,"Bacra bin see side-line dam befo' he walk a mi'l-walk dam"
50,"Bacra jus' like cow-down, he tap dry, he battam wet"
51,"Bacra no boy, niggah no fool"
52,"Bacra no talk, niggah no sabby"
53,"Bacra 'tan' like dactah-bi'd, he fin sweet flower 'pon mo' 'an wan tree"
54,"Bad cow gie bucketful milk an' kick am down"
55,"Bad heart no obeah"
56,"Bad musicianer mek row wid he foot"
57,"Bad name no a-kill rat"
58,"Bad nebbah gat ownah"
59,"Bag no full, he can't 'tan' up"
60,"Bakah nebhah Say 'e bread sour"
61,"Bargain mek befo' country tek"
62,"Bateau know he na gat keel, da mek he can't tek plenty sail"
63,"Battle berout watah a-blow ""whoo-whoo"" a-win'"
64,"Battle bore, watah run out"
65,"Bat trus' hese'f mek he heng a-raftah tap"
66,"Beef no ha' bone, daag no ha' no bu'iness deh"
67,"Befo' face like a buttah can't melt, behind back fiah 'tick"
68,"Befo' farra, behin' farra"
69,"Befo' wedding is ""my dear,"" after wedding is ""you brute.''"
70,"Beggah a-look fo' wo'k, but he a-pray fo' no get am"
71,"Beggah beg from beggah nebbah grow rich"
72,"Beg man fo wo'k, but na beg am fo' eat"
73,"Behin' back no hab ear"
74,"Belly-full man tell hungry man, ""keep heart buddy"
75,"Belly-full bruck pat"
76,"Bembah rubembah you peep me, me sa watch you"
77,"Bettah fo' watch wan ban'box full cockroach dan wan gal"
78,"Bettah paddle you' own canoe dan wait fo' you matty paddle am fo' you"
79,"Bi'd bex wid tree, weh he go 'tan' up?"
80,"Bi'd fly too high mus' pass he nes'"
81,"Big house ha' big 'tory"
82,"Big libah a-buss he belly"
83,"Big man no a-run fo' not'in'"
84,"Big 'tory choke daag"
85,"Big yeye choke nancy cat"
86,"Big yeye mek niggah pick shovel 'tick"
87,"Bill bi'd trus' hese'f mek he swalla tooroo seed"
88,"Black man massa de wossis kin' ob massa"
89,"Black man tief, he tief half-a-bitt; bacra tief, he tief whole estate"
90,"Blin' yeye country, one yeye man a-gubnah"
91,"Blin' yeye man can't carry news"
92,"Blin' yeye man know he doo' mout.'"
93,"Blin' yeye man na wan' lookin' glass"
94,"Blin' yeye man nebbah lef' he walking 'tick"
95,"Boy an' bass can't cou'tin' a-wan house"
96,"Briggah 'tory no lock a-gooby"
97,"Briggah tongue hab empty inside"
98,"Broom na absen' a-nobody house"
99,"Buck gat time, he mek pegall"
100,"Buck a-plesha, Buck town a-bu'n"
101,"Bull loose a-pasture, man no bound fo' walk close am"
102,"Bull ol,' he smear he tail"
103,"Bush bu'n behin' tigah, an' tigah no smell smoke"
104,"Bush gat yase"
105,"Buy you' nyam, nyam accordin' to you money"
106,"Caba ca-ba fowl nyam good co'n"
107,"Calabash a-float a-trench, but can't float a-ribah,"
108,"Calabash a poo-man fingah basin"
109,"Calabash outside green, but he belly white"
110,"Camoodi does look good if ants deh befo' he lie down"
111,"Can't bruck Penitent fo' mek Rumfelt good"
112,"Can't help"" no do fo' purpose"
113,"Can't fatten cow fo' nadda butcher"
114,"Can't tap de ribah from runnin'"
115,"Can't tek you dry eye fo' roas' me co'n"
116,"Cap'n a-man-o-war tu'n cook a-Guinea ship"
117,"Cap'n Trus' gone dead, bad pay a-kill am"
118,"Cap'n Trus' gone home"
119,"Carrin crow a-nyam cow, cow can't nyam carrin crow"
120,"Carrin crow say, ""De mercy ob de Laad no deh 'pon tree"
121,"Carrin crow say, ""Wan Gaad deh a-tap, he nebbah nyam grass"
122,"Carrow falla carrincrow, he sleep a-fiah side"
123,"Cassada an' ochro can't mek good soup"
124,"Cassada no ripe, no 'cratch he battam"
125,"Cat a-dribe rat, but he tief he massa po'k"
126,"Cat a-play wid bone, daag want am"
127,"Cat foot saf', but he 'cratch fo' true"
128,"Cat no deh, ratta tek over"
129,"'Ceitful lib a-han'-fu11 doo'"
130,"Chance blow knack down de debil se'f"
131,"Changee fo' changee"
132,"Chat am, boy, you sa win am"
133,"Cheap t'ing mek all man buy"
134,"Chicken-hawk say, he can't get mamma, he tek picknie"
135,"Chicken-hawk say, he lib by he skill; carrin-crow, by de grace ob God"
136,"Chicken hawk nebba buil' he nes' wid ground dove"
137,"Chupit haag buy he rum, goat drink am, but sheep get drunk"
138,"Chupit man gie 'way he 'poon, an' eat wid 'e han.'"
139,"Chupit man go shut he matty kokah, an' lef' he own open"
140,"Chupit man mek watah car''way he lap two time"
141,"Chupit man melt lead a-sardine pat"
142,"Chupit man run race wid hass"
143,"Chupit man wo'k, put he money; when he dead, sense man spen' am"
144,"Chupit man write am, sense man can't read am"
145,"Claninclo a-gubnah tell daag show hese'f"
146,"Clat' easy fo' dutty, but haad fo' was'"
147,"Cock crow a-doo' mout', a sign 'tranger a-come"
148,"Cock grabble, hen grabble, picknie grabble, dem can't sleep hungry"
149,"Cockroach ebba so drunk, he no walk a-fowl house"
150,"Cockroach say he gat foot fo' run, but sentapee catch am"
151,"Coc'nut tree branch nebba fight high win'"
152," Come, come,"" is a sweet, fish"
153,"Co'n flour mo' dan watah"
154,"Congo eel still is a fish"
155,"Congo mulatto, who sa marry you?"
156,"Congo sah lib a-han'-full doo"
157,"Consequential mek crab hab no head"
158,"Contented man eat peppah an' sal' fo' breakfast"
159,"Coo-coo no choke you no drink ochro soup"
160,"Coolie gat clean dam fo' dutty, he si' down say he a-prap sorrow"
161,"Coolie wear baba, na wandah, da he country fashion"
162,"Cottee-cotte-soup hab all he 'team a-battam"
163,"Country kill country"
164,"Country tu'n, but me haat no tu'n"
165,"Coward man keep whole bone"
166,"Cow dead, he lef' 'tory gie he 'kin"
167,"Cow dead, he massa cry; carrin crow laugh"
168,"Cow deh a-pastah, he no membah butchah an' daag teh he see am"
169,"Cow nebbah tell pastah ""Goo' bye"
170,"Cow no eat peppah, but he down a-manure am"
171,"Cow no hab tail, Gaad A'mighty brush fly"
172,"Cow no know he loss 'e tail teh cow-fly season"
173,"Cow say he dutty 'pon dam, but he dutty he own tail"
174,"Cow tail nebba pass he head"
175,"Craben daag a-loss co'n an' husk"
176,"Crab know he 'ole, but crapaud na know he 'ole"
177,"Crab no walk he no get fat; he walk too much, he get a-pat"
178,"'Crape you own calabash, befo' you 'crape you matty own"
179,"Crapaud no bin sabby too watah teh hot watah fall a-he back"
180,"Crazy man know gubnah"
181,"Crow always ready fo' funeral mek he wear he berrin' suit"
182,"Cry-cry picknie nehba hab right"
183,"Cuffy! come see fish a-muddy watah"
184,"Cuss-cuss nebba bore hole a-me 'kin"
185,"Cut cow handle, you no cut he haat"
186,"Cut yeye na a-kill daag"
187,"Daag a-bite he matty, but he no a-bite hese'f"
188,"Daag a-bite he tail, but he na a-bark 'pon hese'f"
189,"Daag a-bite massa, but massa na a-bite daag"
190,"Daag always lie down da place bone a-'tir"
191,"Dang an' cat can't eat a-wan plate"
192,"Daag a-run fo' he charatah, haag a-run fo' he life"
193,"Daag deh, ""Mr. Daag""; daag no deh, no mo' ""Daag"
194,"Daag drink watah chakoo chakoo fi you a-fi you, but fi awe no fi you"
195,"Daag foot-bruck, he know he massa doo' mout.'"
196,"Daag gat money buy buttah roas' a-fiah"
197,"Daag gat money, he buy cheese"
198,"Daag hab four foot, but can't walk four road wan time"
199,"Daag hab too much massa him 'tarve"
200,"Daag lap watah say "" Fo' you da fo' you"
201,"Daag magah he head big"
202,"Daag no nyam daag"
203,"Daag say he sa keep he dream a-he belly 'cause he no know fo' talk"
204,"Daag set trap fo' ketch accouri, he fasten dey hese'f"
205,"Daag shub he head a-salmon pat, he sa see how de world a-go roun'"
206,"Daag trus' he foot mek he gie tigah saucy"
207,"Daag wah a-bark plenty a-run 'way time fo' bite"
208,"Daag wah a-bring a bone sa, carry am"
209,"Daag wah a-eat wha' he matty lef' nebba 'trang"
210,"Daag wah use fo' suck egg can't lib (leave) off"
211,"Daag walk 'pon dead lion"
212,"Daag wan' fo' see banfiah, he t'row grass 'pon fiah coal"
213,"Da chupit man wear ring a-he nose"
214,"Da craben always a-eat a-pat"
215,"Dactah na a-know weh a hu't you teh you tell am"
216,"Dactah physic always good"
217,"Dainty daag nyam dutty puddin'"
218,"Da lazy jackass can't carry he own oats"
219,"Da motion wah rice got a-pot, he no got a-plate"
220,"Da mout' man tek fo cou'tin ooman fo' put am a-he house, a na da same mout' he a-tek fo' put am a-doo'"
221,"Da-place hass meet, safly safly jackass sa meet"
222,"Da place you see molasses, you sure fo' see blue fly"
223,"Da place weh 1ibin', deh 'tan' foo good"
224,"Da place weh pimplah bore you foot, go back deh go tek am out"
225,"Dark night hab no gubnah"
226,"Dark night mek fly boil a-soup"
227,"Da t'ing wah sweeten goat, a da a-kill am"
228,"Da somet'ing you a-see a-day time, no tek fiah 'tick a-night fo' look am"
229,"Dead chicken bring dallah"
230,"Dead deh a-hass eye, he no ca' fo' he massa"
231,"Dead no done, cry no done"
232,"Dead seem fo' fo'get he"
233,"Debil a-tempt, but he no a-fo'ce"
234,"Debil bad no see he paint am black"
235,"De langes' pray got a amen"
236,"De same hammah wah dribe nail sa tek am out"
237,"Dig a hole fo' full a hole"
238,"Dis a-tell tarra, tara narra, till 'tory come"
239,"Dis time no like befo' time"
240,"Do fo' do no obeah"
241,"Don' ca'e,"" keep big house"
242,"Don' mek you tail pass you head"
243,"Don' weigh me 'tory by you own 'cale an' weight"
244,"Do so no lobe so"
245,"Downfall no fo' wan man"
246,"Dribah na deh creole a-play"
247,"Dribe yalla cow, black wan mus' run"
248,"Drink rum a-you mout', he sa f1y a-you head"
249,"Drunk man nebba know he drunk"
250,"Drunk man tell lantern pos', ""ask paadon, sah"
251,"Dry wood a-bu'n an' green wood a-bu'n too"
252,"Duck hab watah fo' was' he 'kin, fowl want am fo' drink"
253,"Dutty watah can out fiah"
254,"Dutty watah cool cappah"
255,"Ear no yery, yeye sa see"
256,"Easy get easy spen'"
257,"Easy squeeze no feel hurt"
258,"Ebery belly-full no a pat full"
259,"Eberybody feel he own pain"
260,"Ebery cap'n bass he own boat"
261,"Ebery cock crow a-he own doo, mout'"
262,"Ebery cow cry fo' he own calf"
263,"Ebery daag a-bite da-he massa doo'"
264,"Ebery daag ha' he day"
265,"Ebery donkey t'ink hese'f good fo' rank wid gubnah hass"
266,"Ebery day bucket go a-well, wan day he battam sa lef'"
267,"Ebery day debil help tief; wan day God mus' help watchman"
268,"Ebery day fishin' day, but ebery day no ketchin' day"
269,"Ebery day you a-challenge you matty, wan day you sa get you' poison"
270,"Ebery day you a-play a-dutty watah, wan day he go nassy you' 'kin"
271,"Ebery fiel' mus' get grass"
272,"Ebery fool got he own sense"
273,"Ebery grass is a man a-night time"
274,"Ebery haul ob de net no ketch June fish"
275,"Ebery howdee na howdee"
276,"Ebery John crow t'ink he own picknie white"
277,"Ebery 'kin teet' no laugh"
278,"Ebery lang prayer mus' gat amen"
279,"Ebery lawyer like fat fowl"
280,"Ebery man know weh he own house a-leak"
281,"Ebery man massa fo' he own house"
282,"Ebery man to he own class"
283,"Ebery man wo'k fo' money, but no ebery man can keep am"
284,"Ebery mek up face na cry"
285,"Ebery rope gat two en'"
286,"Ebery shake han' no shake han'"
287,"Ebery shut eye na a-sleep"
288,"Eberysore yeye a watah yeye, but na ebery watah yeye a sore yeye"
289,"Ebery tief man know he own trade"
290,"Ebery time fowl drink watah, he hise he head a-tap an'say ""Teng Gaad"
291,"Ebery time rain fall clarinclo swear he sa buil' house; when sun come out, he fo'get"
292,"Ebery tub'tan' pon he own battam"
293,"Ebery watah fo' drink, but ebery 'tory no fo' tell"
294,"Ebery way you tu'n primo matty deh"
295,"Ebery win' na a-full sail"
296,"Elephant sabby say be back-bone big da mek so he look fo' swalla coc'nut"
297,"Elephant say wid all he big, he no wan' 'tory wid man"
298,"Elephant yase big, but he no a-yeddy he own 'tory"
299,"Empty bag can't 'tan' up"
300,"Eye can see he matty, but can't see hese'f"
301,"Faada wo'k picknie spen'"
302,"Family cutlish na cut deep"
303,"Fat fowl, pick am clean"
304,"Far-a-pa mek ochro dry a-tree"
305,"Feast to-day, famine to-morrow"
306,"Fiah an' powdah no matty"
307,"Fiah deh a-money tail he say ""Cool breeze"
308,"Fiah no deh, pat can't boil"
309,"Fingah nebba say ""Look yah,"" but ""Look yandah"
310,"Fish a-play a-sea, he no sabby watah a-bile fo' am"
311,"Fishaman nebba say he own fish 'tink"
312,"Fish a-sleep, he matty a-cut he tail"
313,"Flea bite, you no 'cratch?"
314,"Fly say ya pledja, he na' know spidah neah"
315,"Fly si' down an' shake he foot, den say ""'Tory befo', 'tory behin'"
316,"Follow pattern nebba out ob trouble"
317,"Foo-foo na fo' you, na cut am deep"
318,"Fo' me a-fo' me, but f'awe na fo' me"
319,"Foolish man a-learn sense man sense"
320,"Foolish man a-talk, but na a-listen"
321,"Foolish man kill cow, sense man eat am"
322,"Foolish man tek cuff fo' knack nail a-plank"
323,"Food me eat me na gie you"
324,"Fo' secka fo' secka me can't do bettah"
325,"Fowl a-hatch duck, but he no a-do wha' duck a-do"
326,"Fowl an' duck no wan, but dem sleep a-wan pen"
327,"Fowl-cock a fool, but da na mek am villain"
328,"Fowl-cook country tu'n; man na tu'n"
329,"Fowl-cook hear war a-come he climb a-tap tree say he a light-house keepah"
330,"Fowl eat an' wipe he mout' a-groun'; daag a-lick de han' wah feed am"
331,"Fowl eye pass co'n, he bad"
332,"Fowl gie dance, cockroach no bu'iness deh"
333,"Fowl merry, hawk ketch am"
334,"Fowl no a-miss he egg teh he wan' fo' set"
335,"Fowl say he a-sleep soon, 'cause he no wan' trouble fo' meet am"
336,"Fowl see matapee he say a camoodi"
337,"Fowl see wood ants' nes', he sharpen he toe"
338,"Fowl swaer fo' hatch rotten egg, rotten egg swear fo' pile he 'kin'"
339,"Fowl swear fo' him hegg, he no swear fo' him picknie"
340,"Fowl tread 'pon he chicken, but he no tread haad"
341,"Fo' you a-fo you, fo' me a-fo' me"
342,"Fo' you an' fo' awe na wan"
343,"Full belly man na know wha' hungry belly a-suffer"
344,"Fus' jump na jump"
345,"Fus' laugh ain't de ending"
346,"Gal me lobe you 'cause you got lotan hair"
347,"Gal wah no yery mamma 'tory sa larikary (find her mistake.)"
348,"Gamble man a-walk wid he libba a-he han'"
349,"Game wah daag a-play with sal'pentah, he can't play am wid ants-eater"
350,"Get am fo' not'in' eat am fo' glutton"
351,"Gill bread na a-full man yeye, but he full he mout'"
352,"Gill bread na ha tear li'l creole mout'"
353,"Goat a-merry, a-pung he a-go"
354,"Goat an' sheep can't 'tan' a-wan pen"
355,"Goat a-plesha, he fo'get knife a-table"
356,"Goat dead, but he 'kin sa mek down"
357,"Goat deh obah ribah, he gie tigah saucy"
358,"Gaot foot bruck, but he mout' no bruck"
359,"Goat friken tigah, yeye friken yeye"
360,"Goat head an' sheep head na wan"
361,"Goat know he can jump da mek he does climb high place"
362,"Goat la'n he picknie fo' climb a high place, den tu'n back tell am say he go bruck he nek if he climb deh"
363,"Goat si' down a rope a-graze, yawarri mamma cook sweet soup"
864,"Trouble an' sea no gat no back doo"
365,"God A'mighty nebba sleep"
366,"God no like ugly"
367,"Gol' diggah money na gat yeye fo' see"
368,"Good calabash can't float a-ribah"
369,"Good fowl 'pile egg, wha' you t'ink a sensa?"
370,"Good heart mek haag 'tan' so t'day"
371,"Good libin' 'tan' like hegg, when he fall you can't pick am up"
372,"Good man no las' lang, but bad man libe fo' true"
373,"Good me do, bad me see"
374,"Good ooman tek cayman teet' mek sugah cake"
375,"Good sahib 'tan' like a cock wan' crow"
376,"Good tief man tu'n good watchman"
377,"Good word good, good deed bettah"
378,"Grass a-grow, but haas a-'tarve"
379,"Greedy choke puppy"
380,"Greedy man always sleep hungry"
381,"Greedy man yeye yalla two time"
382,"Greedy people does bex two time"
383,"Green lime drap lef' yalla wan"
384,"Gubnah no know he want till he hungry"
385,"Guinea pig say he no wan' 'tory, da da mek he no gat tail"
386,"Gun man can't 'tan' up fo' kill all bi'd"
387,"Gun no know he own massa"
388,"Guttah a-run watah, but pail mus' deh fo' ketch am"
389,"Haag bo'n wid tail, but he can libe widout am"
390,"Haag can't fat birout he eat he pickin'"
391,"Haag head an haag tail na wan"
392,"Haag na gat dactah"
393,"Haas a-pastah na haas a-stable"
394,"Haas a 'trang somet'ing, but li'l 'tick bruck he back"
395,"Hass get credit fo' he runnin' foot, jackass fo' he kickin wan"
396,"Hab you' own bettah dan beholden"
397,"Ha'd libin' mek dribah carry haag meat"
398,"Ha'd libin' mek ploward an' gaulin' a-feed a-wan drain"
399,"Ha'd time mek daag nyam roas' co'n"
400,"Ha'd time mek fowl ketch fish a-trench"
401,"Ha'd time mek man bile calalu"
402,"Ha'd time mek poo' man eat matty"
403,"Ha'd time mek smoke man smoke tabacca 'tick"
404,"Ha'd to get buttah out ob a daag t'roat"
405,"Hair na know wha' deh a-head"
406,"Half-a-bitt mek trouble joe can't cure"
407,"Han' deh a-tigah mout', you mus' pull out safly safly"
408,"Han'-full hab company"
409,"Han' go, han' come"
410,"Han' mek rope, rope tie han'"
411,"Han'some face gal na de besses kin' a gal"
413,"Han' was' han' all too han' clean"
414,"Harness no a-fit daag an' cat"
415,"He a-carry he fortune on he back"
416,"He a-keep book so da cockroach se'f can't get am"
417,"Heavy clould, no rain"
418,"He bin t'rough the woods, an' he pick up a crooked 'tick"
419,"He blow hot an' col' wid de same mout'"
420,"He gat de key a de street"
421,"He gat sheep head a-ready"
422,"He like a ship widout a battam"
423,"He mout' sweet like a rice-full pat"
424,"He na deh a-gooby"
425,"Heng you' quake weh you' han' can meet am"
426,"He pick a-me teet' fo' get a-me gums"
427,"Herrin' come fo' ask pickle how he situate"
428,"He tongue na gat leb na clock"
429,"Hol' de cow befo' you bargain fo' sell de beef"
430,"Hot watah bu'n cat, when he see col' watah he friken"
431,"Houri tell patwa wan day awe sa meet a-'tap off"
432,"Howdee an' tenkee break no bones"
433,"Hundred dallah get in a house, nobody no yeddy; but dead get in, too much cry"
434,"Hungry belly mek man mout' ca'nah white"
435,"Hungry belly man na know soup na sweet"
436,"Hungry belly tell sweet mout' "" 'Tan' wan side"
437,"Hungry bode (take hold of) Chinee, he nyam snake"
438,"Hungry gat no massa"
439,"Hungry man look fo' nyam salt ; man satisfy, he fin' fault"
440,"Hungry mek man magah"
441,"Hungry no bode you, no cuss tief man"
442,"Hurry hurry mek bad curry"
443,"If alligittah come out a-watah battam tell you say, ""Watah mamma yeye blin',"" you mus' belieb am"
444,"If a tell you las' yeah 'tory, watah run a-you yeye"
445,"If bad name could kill rat, all ratta go dead"
446,"If coal pat na gat battam, fiah can't 'tan'"
447,"If fowl house full, fowl can't mek ratten eggs hatch"
448,"If greedy wait, hot sa cool"
449,"If he bin hab spoon, he sa drink soup"
450,"If he bin spit he out, he couldn't favah he mo'"
451,"If jackass could a-talk he sa say ""Aow, poo' Job!"
452,"If man am idle, he temp' de debil"
453,"If man milk cow, he mus' drink milk"
454,"If man na ben' he back, he go jam he head a-post"
455,"If man si' down high an' he fall, he go bruck he neck"
456,"If me bin know always deh behin' de doo"
457,"If me bin know is a bad after-blow"
458,"If me bin know, me loss picknie fo' mamma"
459,"If me man no beat me, he no lobe me"
460,"If picknie no heah ""Done,"" he no heah ""Tek ca'"
461,"If snake bite you an' you see lizar', you mus' run"
462,"If sun no done, man no done cry"
463,"If 'tranjah man bin heah wha' he walkin'-'tick say, he nebba go a-'trange man house"
464,"If trouses say massa tief, you can't paca (doubt.)"
465,"If yeye no see, mout' can't talk"
466,"If you blow fiah wid you mout', ashes sa go a-you yeye"
467,"If you can't get tu'key, you mus' satisfy wid John Crow"
468,"If you craben fo' you matty chue (stew), you sa buy bread fo' cat wid de scent"
469,"If you cuss John Crow ""Peel head,"" guinea hen bex"
470,"If you eat labba an' drink creek watah, you no able fo lef' de country"
471,"If you fingah get sore, na cut am t'row 'way"
472,"If you fallow spring tide, you sa lef' a-dam"
473,"If you go a-new place, na cuss weh you come out"
474,"If you han'some da trouble, if you hugly da trouble"
475,"If you hurry, you' soup salt"
476,"If you like dang, you mus' like 'e tail"
477,"If you no blow you' own trumpet, you' matty no go blow am fo' you"
478,"If you no come back befo' spit dry, me know you bin a-play"
479,"If you no know 'tory, ask Jim Crow wha' happen John Crow a-high dam pastah"
480,"If you no libe a-house, you no know weh he a-leak"
481,"If you no meddle wid obeahman, obeahman nebba dun you fo' money"
482,"If you' right eye dance you sa meet good, if you' lef' eye dance you sa meet bad"
483,"If you t'ink me a fool, put you' han' a-me mout'"
484,"If you wan' Bacra lickrish (lick his lips) gie am plantain watah a-calabash"
486,"If you wan' fo' eat crapaud, eat am wid egg"
487,"If you wan' no 'tory, tek you' walk abroad"
488,"If you wan' see monkey cry, 'tick peppah in he eye"
489,"If wick na deh, lamp can't bu'n"
490,"If win' no blow, leaf no shake"
491,"If win no blow, you no see fowl back"
492,"If you yeye jump, you a-go cry"
493,"I is saucepan widout a cubbah"
494,"Is calabash whip fo' lick obeahman wid"
495,"Is de ansah does bring de row"
496,"Is de luck ob a lousy cat does 'tonish"
497,"Is no daag wah a-bark you mus' friken"
498,"Is wha' come out a-you' mout dá mek trouble, na wha' deh a-you belly"
499,"It is a bad tide which cannot turn"
500,"It tek very smart man fo ketch accouri"
501,"Jackass a-bush, but gubnah a-house"
502,"Jackass drink rum, haag get drunk"
503,"Jackass say ""Ah! if no bin a law, too much 'tory"
504,"Jail no mek fo' daag, he mek fo' people"
505,"Jango beg, jango kill"
506,"Jimbo say Ebery man 'kin he own teet"
507,"Joseph no come fo blow fiah fo' eberybody; who blow fish fo'he, he blow fo' dem"
508,"Jumby bi'd halla funeral a-day"
509,"Jumby calalu can't mek sweet soup"
510,"Jumby like white clat'"
511,"Jumby nebba see sal'; he swear a-sugah"
512,"Jumby sen' spirit; spirit sen' he waiting boy"
513,"Jump jump trademan han' open 'pon Satu'day"
514,"Kick an' cuff same knack"
515,"Kill pieknie, gie mamma, mamma no go eat am; kill mamma gie picknie, picknie go eat am"
516,"Kiskadee on cowback"
517,"Kitchen dressah fall down, magah daag laugh"
518,"Knock daddy heaby, pieknie sa friken"
519,"Lang discou'se mek dem ketch runaway niggah"
520,"Lang nose daag can't blow fiah"
521,"Lang 'tory tu'tle no wan' mek he carry he trunk a-he back"
522,"Larnid man walk saf'ly, unlarnid man keep nise"
523,"Lazy man always get 'nough wo'k"
524,"Lazy man belly neba sa full"
525,"Leaf fall a-watah, he no rotten wan time"
526,"Less company, less dutty plate"
527,"Lie hab no legs"
528,"Lie mo' dan fiah-bu'n"
529,"Li'l boy a-swell big man yeye"
530,"Li'l boy na a-climb laddah fo' tu'n big man"
531,"Li'l fingah say ""Look yandah,"" bing t'umb say ""Look yah"
532,"Li'l fun bettah mo' dan whole gun"
533,"Li'l garden, but bittah weed"
534,"Li'l juta, big juta, same money; gie am big juta"
535,"Li'l trench a-hol' in big fish"
536,"Limb can't 'tan berout tree"
537,"Lime nebba tas'e sweet"
538,"Loose-goat na a-feel wha' tie-goat a-feel"
539,"Luck mo' bettah dan han'some"
540,"Maccaw ask parrot pajarra ripe, he say ""Wan, wan"
541,"Man a-cou'tin' mus' go gay"
542,"Manaja cow say, ""Bacra wo'k nebba done"
543,"Manaja haas nyam good oats"
544,"Manaja 'tap coolie money, but when coolie mek tadja, a-manaja doo' mout' fus' he a-play"
545,"Man always look fo' wha' he no wan' fo' see"
546,"Man bin see monkey neck befo' he put chain a-he waist"
547,"Man buy big belly haas, he wan ha' fo cut grass"
548,"Man can't do bettah; he say ""No mattah"
549,"Man can't get pamawarri if he friken he pimplah go chook am"
550,"Man can run, but man can't hide"
551,"Man cut he timbah sa haul am"
552,"Man dead, grass grow a-he doo'"
553,"Man die, he die fo' true"
554,"Man done cook, spoon las'"
555,"Man drunk, ooman drunk, who fo' shut de doo'"
556,"Man gat mannas, he get big foofoo"
557,"Man gat sense, but haas can kick am"
558,"Man gat too much tongue, he pay he daddy debt"
559,"Man gat two 'ouse, he sleep hungry"
560,"Man gat two yeye, but can't look a-two place"
561,"Man han' a-mek twine, but twine a-tu'n back tie he han'"
562,"Ma'nin' bad name bettah mo' 'an aftanoon wan"
563,"Man knack iron, iron na a-feel am, iron knack man, man a-feel am"
564,"Man know he weak, he refuse 'trang man challenge"
565,"Man know you' face, but he na know you' haat"
566,"Man mek coffin, but he no like a-go deh"
567,"Man mus' pay fo' larn sense"
568,"Man mus' see he wife fus' befo' he buy bed"
569,"Man na a tief teh watchman ketch am"
570,"Man na know a trouble, but he know too much a trouble"
571,"Man na know he mamma use teh he dead"
572,"Man no done sleep, he no done dream"
573,"Man no gat foot, he can't walk"
574,"Man no like you, he gie you basket fo' fetch watah"
575,"Man no nuse (used to) chacklit, he say he no a drink am"
576,"Man no talk, news can't go"
577,"Man satisfy, he bore pat"
578,"Man see gooby, but he na know wha' deh inside"
579,"Man talk too much, he pay he daddy debt"
580,"Man 'tart befo' he ready can't meet good"
581,"Man tell he matty farchin, but can't tell he own"
582,"Man tek row a-dam bed he na care am true, he matty care am fo❜ am"
583,"Man wan' fo' drink rum, he say yah tas'e brandy fo' gie am appetite"
584,"Man wah got bottle a-table got plenty frien'"
585,"Man wah know book, na haad fo' fin' chaptah"
586,"Man wah na gat sense 'tan' like bucket berout battam"
587,"Man wah wan' two wife mus' hab two tongue"
588,"Man weapon a-he fist, woman weapon a-he tongue"
589,"Man wid sense na go shub he head a-hole"
590,"Marabuntah a bite, but he can't bite nancy"
591,"Married na sure he gat foot"
592,"Married gat teet', he bite like crab"
593,"Married no got back doo.'"
594,"Massa bull, massa cow"
595,"Massa niggah a-blanket"
596,"Matty loss he haag, he neighbah co'n-jah full"
597,"Matty wan you wan', you' wan you hide"
598,"Matty somet'ing sweet fo you own bittah"
599,"Me a fiah, me can't 'tan' a-bag"
600,"Me bin a good dance man, but chiggah 'pile me foot"
601,"Me buy me calico, me mus' wear am"
602,"Me dead haag a'ready, me no ca' fo' 'tink"
603,"Me no gat befo', me no got behin.'"
604,"Me no gat no biscuit a-you' barrel"
605,"Me no bo'n a-Ogle back dam"
606,"Me sell me 'tory as me buy am"
607,"Mo' easy fo' 'tap ribah dan woman tongue"
608,"Mo' langah you 'tan', mo' you bake-bake a-col.'"
609,"Mo' man refuse, mo' dinnah save"
610,"Mo' money, mo' sin"
611,"Mo' monkey climb, mo' he show he tail"
612,"Money done, frien' done"
613,"Money na a-grow 'pon tree"
614,"Money na mek man"
615,"Monkey know wha' tree he a-climb 'pon"
616,"Monkey mek he picknie, he mek ama teh 'e 'pile am"
617,"Monkey men' 'e chil' eye teh 'e go deep deep"
618,"Monkey papa jump, monkey mamma jump, monkey picknie mus' jump"
619,"Monkey play fiddle fo' de baboon run race"
620,"Monkey put he head a-salmon pat, he say de worl' go roun'"
621,"Monkey say ""Wha' deh a-me belly a-me own, wha' deh a-me mout' a jackman want"
622,"Monkey tek trouble a-bush bring am a-house"
623,"Monkey tu'n rich, he roas' buttah 'pon 'tick"
624,"Moon an' 'tar a-neighbour"
625,"Moon a-run, but day a-ketch am"
626,"Mo' rain, mo' rest"
627,"Mout' a freeman, han' a slabe"
628,"Mout' a-mek am, someweh else a-pay fo' am"
629,"Mout' cut trouses can't fit massa"
630,"Mout' eat, back pay"
631,"Na a fus' wan to tell matty he 'kin black"
632,"Na all a-go a-chu'ch house, a-go fo' pray"
633,"Na all daag wah play wid you gat you good a-he min'"
634,"Na all haas wah get fus' jump a-win race"
635,"Na all man a-cou'tin' a-married"
636,"Na all man a-wear trouses a man"
637,"Na all watah wah come out a-yeye a-cry"
638,"Na cuss snake befo' you walk a-bush"
639,"Na cuss watah mamma w'en you go a-creek"
640,"Na cut you' yeye 'pon me"
641,"Na cut you' nose fo' pile you' face"
642,"Na de lacking ob a tongue mek cow can't talk"
643,"Na dutty de pon' weh you dip you' watah"
644,"Na ebery big head gat sense"
645,"Na ebery man wah say ""Goo' night,"" a-sleep togeddah"
646,"Na eberyt'ing wah go a market fo' sell"
647,"Na eberyt'ing wah gat sugah a-sweet"
648,"Na eberyt'ing you see, mout' fo' talk"
649,"Na fo'co youse'f a big puncheon, when buttah keg can hol' you"
650,"Na fo want ob fiah mek peas 'tan' lang fo bile"
651,"Na good fo' hot you matty chair too much"
652,"Na jook 'tick a-you matty yeye, no so somebody else go jook a-fo' you"
653,"Na leh to-day 'pile to-morrow"
654,"Na mek moonlight fool you, an' gie dark night saucy"
655,"Na mek wan belly-full fool you"
656,"Na mek sweet mout' fool you"
657,"Na mek you' aez pass you' head"
658,"Na monkey 'lone does mek trouses, and fin' he can't fit am"
659,"Na only tief man daag bark 'pon"
660,"Na 'pread table clot' befo' pat done bile"
661,"Na put on long coat an' smoke cigah when you go a-watah mamma dance"
662,"Na put on Sunday clo'es 'pon week-a-day 'kin"
663,"Na shub you' han' a-matty saucepan"
664,"Na 'tap fo' roll up 'tackin' when you a-run fo' train"
665,"No tek man by dem look"
666,"Na tek me mek you' coo-coo pat"
667,"Na tek out you guts and put in 'traw"
668,"Na tek shame face shake cuckaba niggah han'"
669,"Na tek you matty yeye fo' sleep wid"
670,"Na t'row 'way dutty watah teh you get clean"
671,"Na wan daag name Pompey"
672,"Nancy no like fo' ketch marabuntah 'cause he gat lang 'ting"
673,"Nebbah de day canoe bore punt"
674,"Nebbah eat crab-back an' drink watah"
675,"Nebbah go a-night fo' buy black clat' a-'tore"
676,"Nebbah min'"" mek estate no gat back-dam"
677,"Nebbah out fiah to fury"
678,"Nebbah sell eberyt'ing as you buy am"
679,"Nebbah shub you' head weh you know you go fasten"
680,"Nebbah trouble trouble till trouble trouble you"
681,"Nebbah t'row 'way to-day wha' you go want to-morrow"
682,"Nebbah t'row 'way you walking 'tiek teh you cross ribah"
683,"Nebbah you try fo' mek H tu'n K"
684,"Niggah a-climb up, he matty a-pull he down"
685,"Niggah fo'get, Bacra 'membah"
686,"Niggah libe happy, he go tell gubnah ""ma'nin'"
687,"Niggah say, ""Wait fus""; Potagee say, ""Specalah"
688,"No bettah de barrel, no bettah de herrin'"
689,"Nobody go beg w'en rain da come"
690,"Noise a-market no selling day"
691,"No ketchee, no habee"
692,"No langah fiddle, no langah dance"
993,"When windah na good, 'e mek 'nough noise a-win'"
694,"Nonsense man tek fark fo' nyam soup"
695,"No trick no libin'"
696,"Now a mango season; matty no a-si' down matty doo' mout'"
697,"Nyam some, lef' some fo' to-morrow"
698,"Ochro an' cassava can't mek soup a-wan pat"
699,"Ol' fiah-'tick soon ketch"
700,"Ol' granny sweah fo' catapillah; catapillah sweah fo' wo'k he belly"
701,"Ol' grudge mek bat lay egg"
702,"Ol' grudge, new licks"
703,"Ol' guitar play bery nice chune"
704,"Ol' rat eat new cheese"
705,"O tings a-bring new ones"
706,"One egg can't gie two chicken"
707,"One fingah can't ketch louse"
708,"One fool mek many"
709,"One man can't falla two gooby"
710,"One man mek patata bank, all man dig am"
711,"One man money mek too much man cry"
712,"One one dutty buil' dam"
713,"One time nebbah done am"
714,"One time see sa do, but two time is purpose"
715,"Only cow know why, an' fly feel sarry God gie a long tail"
716,"Only knife know wha' deh a-punckin belly"
717,"Ooman min' lang talk, he pat bu'n a-fiah"
718,"Ooman na lobe man, he say ""Place na deh"
719,"Open you yeye, you sa sabby sense"
720,"Orange nebbah fall too far from he tree"
721,"Orange yalla, but you na know if he sweet"
722,"Out a-do watah, inside a-putto-putto"
723,"Padlock you' tongue, or it lock you up"
724,"Patience man dribe jackass"
725,"Patwa an' ouri fetch away, ouri say "" Wai' awe go meet a-'tap aff"
726,"Pay fus' mo' bad dan don't pay at all"
727,"Payman nebbah loss"
728,"Pay to-day, trus' to-morrow"
729,"Picknie can't get mamma, he suck granny"
730,"Picknie can't heah, he mus' feel"
731,"Picknie dead fo' prupose, mamma sa bury am prupose"
732,"Pieknie dis time cut dem yeye teet' too soon"
733,"Picknie head hab cra-cra, he no want am fo' comb"
734,"Picknie niggah know fo' run, but na know fo' hide"
735,"Picknie no heah ""'Tan' easy,"" he sa heah ""Aow, poo' ting"
736,"Picknie no tek lef' han' fo' t'row he daddy poverty"
737,"Picknie pig say to mamma, ""Wha' mek you' mout' long so?"" Mamma say, ""Wai' chil', you a-come"
738,"Picknie wah no yerry mamma 'tory he wan side jiggeh (jacket) go lef' a-doo'"
739,"Pint pot tu'n down, gill pot tu'n up"
740,"Plantain yalla can't come green"
741,"Play wid monkey, but na play wid 'e tail"
742,"Play wid puppy, puppy lick you mout'"
743,"Play wid tigah picknie, but na play wid 'e mamma"
744,"Plenty way deh fo choke dang widout hangin' rope roun' he neck"
745,"Poo' is no disesse"
746,"Poo' man a-rich man slabe"
747,"Poo' man can't bex, but he t'ink it haad"
748,"Poo' mek man greedy"
749,"Poo' nebbah sorry fo' hese'f"
750,"Pot bile, man laugh"
751,"Promise get frien'; perform keep am"
752,"Promise is butterfly, put trus' deh, you loss 'pan you' han'"
753,"Pumpkin nebbah bear calabash"
754,"Pumpkin nebba mek white soup"
755,"Pu'se full, plenty frien'"
756,"Puss, cat"
757,"Quick cent bettah mo' 'an slow dallah"
758,"Rabbit pieknie aez nebbah cut"
759,"Rain fall, day shine, me granny Betsy barrel a-full"
760,"Rain fall jug na full, dew sa full am?"
761,"Rain fall mek sheep an' goat a-wan pen"
762,"Rain fall wet tigah, dem call am bush-daag"
763,"Rain no fall, granny na run"
764,"Ramgoat no cry fo' ho'n, he cry fo' libin'"
765,"Ramgoat say he soonah he mamma dead, befo' afternoon rain wet he"
766,"Rat a-fo'get, trap na fo'get"
767,"Ratta tongue sell he head"
768,"Red dobe na a-obah ribah fo' look fo' groun' dobe"
769,"Rice bile, 'poon las'"
770,"Rich man sick, poo' man drunk"
771,"Rock a-battam a-ribah no feel sun hot"
772,"Rum done, fun done"
774,"Run from coffin, you sa butt up wid jumby"
775,"Run rum run he a-come"
776,"Sabby somet'ing does always deh behin' han'"
777,"Saf' haat mek Industry buil'in' bruck"
778,"Saf'ly ribah run deep"
779,"Saf'ly saf'ly ketch monkey"
780,"Saf'ly saf'ly fly done daag ear"
781,"Same like massa, same like man"
782,"Sarvice obah chu'ch doo' lack"
783,"Satisfy bi'd an' hungry bi'd can't fly togeddah"
784,"Satisfy bi'd tell hungry bi'd "" Wai' lil bit"
785,"Seca fo' see can't do bettah"
786,"Sell you' po'k weh you get you fat"
787,"Sensa fowl na wan' feddah, him wan' co'n"
789,"Shaat pa' a-kill man"
790,"Shaat road a-bruck daag foot"
791,"Shine you' boots fus' befo' you shine you' matty wan"
792,"Shoes alone know if 'tockin's hab holes"
793,"Sick mamma call, 'cause he want ketch you' voice"
794,"Sick man look fo' dactah"
795,"Sick sa done, but trick can't done"
796,"Silk and 'carlet a-sin mamma"
797,"Sin bittah mo' dan gall"
798,"Since Beg paadon"" come a-fashion, li'l boy mash big man foot"
799,"Since Buck benab bu'n, fai' play no deh"
800,"Skillet can't tell pat say 'e battam black"
801,"Slow motion bring heavy come down"
802,"Snake picknie na know 'e name teh 'e go a-dam"
803,"Somebody no walk, he no eat massa plantain"
804,"Some goat a-run from daag, but some a-put he handle 'pon am"
805,"Some man a-fatten haag fo' dem matty eat"
806,"Sometimes white face carry black haat"
807,"Somet'ing mo' dan cane mek he tu'n sugah"
808,"Soup col', daag put mout' deh"
809,"Soup po'k no deh da se'f"
810,"Sour grass a man no a-shame"
811,"Spit a-de sky, he sa fall a-you' face"
812,"Spiteful man like cow-down, haad a-tap, saf' a-battam"
813,"Spiteful man put peppah da-he mout' fo' blow dutty out a-he matty yeye"
814,"Still tongue keep wise head"
815,"Stranger no know berrin' groun'"
816,"Suck teet' an' cut yeye tek aff 'pon a man"
817,"Sugah haagshead nebbah kill hanch"
818,"Sun hot da-wha, a stroke man"
819,"Sun na down, na cuss mangy daag"
820,"Sun no down, man no done cry"
821,"Suppose he no done to-day, he sa done to-morrow"
822,"Sweet haat a-sweet bread, you nyam am he done"
823,"Sweet mout' bring runaway niggah home"
824,"Sweet orange no a-fall a-groun'"
825,"Sweet soup mek you eat sour foofoo"
826,"Talk is de las' food"
827,"Talkin' dis an' talkin' dat, nebbah peep a-you matty pat"
828,"Talk ob de debil an you heah he wings"
829,"'Tan' farra, see bettah"
830,"'Tan' saf'ly bettah dan beg paadon"
831,"'Tap-aff bruck, fish get 'way"
832,"Tar rope an' man back na agree"
833,"Teet' an' tongue mus' bite"
834,"Tenkee kill me granny cat"
835,"The same tongue that drive cow a-pen, no so drive him out"
836,"The stillest calf sucks the longest draught"
837,"Tief from tief mek Garamighty laugh"
838,"Time fo' mule, time fo' lang chain"
839,"Tief man an' daag na frien'"
840,"Tief man no like fo' see he matty walk with big bag"
841,"Tief man no like moon"
842,"Tigah feel fiah a-he tail, he halla fo' cool breeze"
843,"Tigah sen' daag, daag sen' he tail"
844,"Tigah tief co'n, he get he 'kin mark"
845,"Tigah wan' fo' ketch fowlcock, he tell am country tu'n"
846,"Time a-go 'way, but he no a-come back"
847,"T'ing a-sleep, no wake am"
848,"T'ing deh fo' mek cow run lef' he calf"
849,"To-day fo' you, to-morrow fo' me"
850,"Tongue na gat teet', but he bite fo' true"
851,"Tom drunk, but Tom no fool"
852,"Too much a ol' 'tump to be easily bu'n by fiah"
853,"Too much 'kin teet' no laugh"
854,"Too much ratta don't dig deep hole"
855,"Too much sal' 'pile you' soup"
856,"Too much side bruck trouses"
857,"Too much si' down bruck breeches"
858,"Too much watah no mek good soup"
859,"'Tory a-mout no load you' 'tomach"
860,"Tory bus' as you leh woman know"
861,"Tory ol', he no sweet"
862,"Tree silver fish cant mek one Congo fish"
863,"Trial makes mention"
865,"Trouble a-deh a-bush, a monkey a-bring am a-house"
866,"Trouble come 'pon horseback, he go 'way 'pon foot"
867,"Trouble go 'pon legs, 'candal hab wings"
868,"Trouble mek ol' ooman trat"
869,"Trouble mus' knack at all man doo' mout'"
870,"Trouble no set like rain"
871,"T'row rockstone a-haag 'ty, haag cry ""Quee,"" dá him it knack"
872,"Try you' boots fus' befo' you gie naddah man fo' 'tretch am"
873,"Two cap'n can't 'teer wan ship"
874,"Two hill can't meet togeddah, but two man can"
875,"Two man a-mek lang 'tory"
876,"Two sense man can't libe a-wan house"
877,"Two sense man can't change half-bitt"
878,"Two t'ing a-run, one must' win"
879,"Ugly face no ugly heart"
880,"Ugly tell han'some, ""Friken dis fo' me"
881,"Unwillin' man nose mus' bleed"
882,"Vat no a-open 'nough time, dry weddah like rain weddah"
883,"Wah a-come, wai', you sa see am"
884,"Wah a-cry, á dem a-feel am"
885,"Wah gat luck sa win"
886,"Wah na gat foot mus' go befo'"
887,"Walk fo' not'in' bettah dan si' down fo' not'in'"
888,"Was'eful man money go like buttah 'gainst de sun"
889,"Wash you' own face befo' you wash you' matty wan"
890,"Wash you' own sore befo' you look you' matty wan"
891,"Watah a-out fiah"
892,"Watah no a-'tink a-jar fo' not'in'"
893,"Watah no gat battam"
894,"Watah t'row 'way jug no broke"
895,"Watah t'row way na groun' can't pick up again"
896,"Watah wah run a-ribah las' yeah na a-run dis yeah"
897,"Watah wash, watah fall"
898,"Watch lion, but na mek he watch you"
899,"Wattle 'ouse gat yase"
900,"Weh cow tie, á-deh he a-graze"
901,"Weh haas go, jackass sa go too"
902,"Weh plenty watah deh mo' watah run"
903,"Weh tap-off weak á-deh a goat does bore"
904,"Well can't let bery well alone"
905,"Wha' a-go, leh he go"
906,"Wha' a-pass, look out quick befo' he pass"
907,"Wha' come from de debil back go undah he belly"
908,"Wha' come out a-you belly no a-go in a-me own"
909,"Wha' come out sa go in"
910,"Wha' da-house a-fo' you, wha' da-bush a-f' awe"
911,"Wha' deh a-groun' fo' daag, but no all daag a-pick am"
912,"Wah' deh a stick head, deh a-snake head"
913,"Wha' deh a-you belly na mek am pass t'rough you' mout'"
914,"Wha' deh in de ol' goat mus' be in de picknie"
915,"Wha' fall a-fiah you sa fin' am a-ashes"
916,"Wha' fall from head go a-shouldah"
917,"Wha' fly bin a-do befo' cow get sore yeye?"
918,"Wha' fly can do wid tu'tle' back?"
919,"Wha' happen to black fowl sa happen to white fowl"
920,"Wha' hu't yeye mek nose run watah"
921,"Wha' Mahaica niggah bin a-do befo' Munro glandas haas dead?"
922,"Wha' motion quicksilver got a-battam, he na gat a-sluice"
923,"Wha' no good fo' breakfas' no good fo' dinnah"
924,"Wha' pass chase am let 'e go, wha' a-come si down wait am"
925,"Wha' sense deb a-snake head, de same deh a-bostick-head"
926,"Wha' some'ting tocle sa do wid cow-fly?"
927,"Wha' yeye no see haat no bu'n"
928,"Wha' ears no heah haat no bu'n"
929,"Wha' you' eye no see you mout' no run watah"
930,"Wha' you gain in jigging you lose in shuffling"
931,"Wha' you put in de pickle nebbah 'pile"
932,"Wha' too heaby fo' you han' roll am a-groun'"
933,"Wha' you loss a-saucepan you mus' fin' a-bottom coal pot"
934,"When Buck wan' a-damage you he say ""Fair play no pra pra"
935,"When buil'in' a-ketch fiah massa beg labrah"
936,"When bull an' bull meet dey call matty ""Bro"
937,"When bull an' bull a-chat, capoon na gat business deh"
938,"When cassada an' ochro meet a-pat, pat mus' bu'n"
939,"When cat belly full, he say ""Ratta 'tink"
940,"When cat na get milk, he 'membah bi'd a-bush"
941,"When claninclo get yeye-tickle he t'ink hese'f gubnah"
942,"When claninclo nyam belly-full, he shake 'e wing 'pon 'e matty"
943,"When chiggah foot a rattan 'tuff am wid cattan"
944,"When coc'nut fall from tree he can't fasten back"
945,"When cockroach gie dance, he no hax fowl"
946,"When cocoby man get money, 'e shake gubnah han'"
947,"When cuffman meet cuffman he say ""Time no deh"
948,"When daag get lick he put 'e tail under he belly an' run an' halla fo' true, but look sharp when he come back"
949,"When flesin po'k sweet, man a-keep am lang a-he mout'"
950,"When fowl an' fowl meet a-fowl country, tara tell tara ""So by"
951,"When fowl-cock get grog, he fo'get say ""black 'andle knife deh a-kitchen"
952,"When fowl get teet' an' daag nyam razah"
953,"When galin see fish, he fo'get say ""Gun deh"
954,"When goat down wan' roll he roll widout win' blow am"
955,"When haas na deh, jackass mek fus' place"
956,"When he a-call Gad name, á de time he lie"
957,"When he deh he deh, when he na deh he na deh"
958,"When herrin' fat a-bu'n, na all man a-smell am"
959,"When hungry ketch coolie, he glad fo' eat po'k"
960,"When jackass kick man, man mus'n't baddah kick am back"
961,"When li'l boy put on big man trouses, wha' he get he mus' take"
962,"When li'l daag gat big libah, he go dead befo' 'e time"
963,"When li'l niggah wan' run, gie am lang rope"
964,"When man a-go eat a-wan ooman 'ouse, he mus' leh a ooman eat fus'"
965,"When man a-go jump fence, he must look good befo' he jump"
966,"When man a-write, no touch he pen"
967,"When man buy buttah, he matty chook he fingah deep"
968,"When man get good libin' he call God ""Congah"
969,"When man mek hese'f sugah, 'e matty suck am fo' true"
970,"When man na gat match he tek fiah-'tick fo' light lamp"
971,"When man suck cane, 'e mash 'e pilin' a-groun.'"
972,"When man wan' fo' beat daag, he 'fin' 'tick quick"
973,"When me foot itch me, a sign me go walk"
974,"When me lef' han' 'cratch me, money a-come"
975,"When me yeye a-dance, a sign me go cry"
976,"When one toot' hu't you, all de res' bex"
977,"When patwa see bait, 'e fo'get say ""'Ook de a-battam"
978,"When puppy get plenty milk, he mek up he face 'pon sal' soup"
979,"When rain a-drizzle, debil an' he wife a-fight fo' ham bone"
980,"When rain fall an' sun shining, debil licking he wife"
981,"When rat see cat, 'e nebbah laugh"
982,"When saucepan loss he cobah, all man a-peep inside"
983,"When sore can't get bettah, man gat fo' si' down bear am"
984,"When ti'gah get ol', daag ba'k aftah am"
985,"When tigal na deh, monkey gie ball"
986,"When tigah sick, deer dun am fo' money"
987,"When trouble come, he no blow 'e shell"
988,"When trouble ketch Bacra, monkey breeches fit am"
989,"When trouble ketch man, he 'tan' up an' 'taggah; When trouble ketch ooman, him si-down an' considah"
990,"When two big bottle deh a-table, little wan no bu'iness"
991,"When tub na got hoople, he mus' bruck down"
992,"When two daag get quarrel, Tom cat 'tan wan side"
994,"When you bruddah soak, don' laugh he"
995,"When you' dead you no sabby, an' when you sabby, you dead done"
996,"When you get jackass fo' ride, ride am fo' true"
997,"When you go a-bush, no walk same road come back"
998,"When you go a-country weh dem a-dance wid one foot, dance wid one foot too"
999,"When you go a-frien' house, lef' you' 'tomach behin'"
1000,"When you gat money, doo' open; when you no gat, he shut"
1001,"When you hab de debil fo' deal wid, feed am wid long 'poon"
1002,"When you' han' yalla, daag mek so"
1003,"When you kill comma, min' how you carry am a-canoe"
1004,"When you lef' wake house, no say ""Goo' night"
1005,"When you mash daag, put on you' shoes"
1006,"When you own louse bite you, he bite you fo' true"
1007,"When you si' down doo' mout', always lef' room fo' jumby pass"
1008,"White daag no nyam white dang, but black sell he matty fo'one cent"
1009,"Who de cap fit, leh 'e draw de 'tring"
1010,"Who falla me, dem bu'n dem wood fo' mutton"
1011,"Who hab de langes' pole á he a-soun' deepes.'"
1012,"Who no know dead, leh 'e look 'pon sleep"
1013,"Who play wid de puppy get bit wid de fleas"
1014,"Who put gungotay a-sun, á he a-look fo' rain"
1015,"Win' blow mo'tah, wha' you t'ink a-sifta?"
1016,"Win' can't pass between dem"
1017,"Wit'out a back stap, not'in'"
1018,"Wo'kman no' dam wo'kman"
1019,"Wo'k nebbah a kill man, but bungo (money) a-kill am"
1020,"Woman 'ceiful like 'tar apple leaf"
1021,"Woman mout' run like sick niggah drink sal's"
1022,"Woman mout' run same like haas a-trat"
1023,"Woman no die fo' true, he open he yeye fo' heah man 'tory"
1024,"Woman tongue sweet fo' true"
1025,"Woman wah lib a-no house, a no woman"
1026,"Wors' payman, Cap'n Trus'"
1027,"Yalla lime a-fall a-tree, an' green lime a-fall too"
1028,"Yalla nigah na know e' race teh he tief"
1029,"Yanga gal an' big 'tory man soon bruck down"
1030,"Yanga gal full ob motions"
1031,"Yanga gal haat like san' a-seaside, you write you' name deb fus' wave come wash am out"
1032,"Yawarri no ca'e if guinea bi'd a-watchman"
1033,"Yaw yo, yaw me"
1034,"You a-wo'k a-sugah laf', you 'kin can't nassy wid paint"
1035,"You bettah hang a man befo' you frighten he"
1036,"You call tigah massa, he a-haul out he nail 'pon you, so call"
1037,"You can't tell from cat 'kin if he a-tief"
1038,"You de mat, me de groun.'"
1039,"You eat fowl egg a-sweet, but fowl a-feel am"
1040,"You enemy can't hu't you"
1041,"You' eyes really pass me?"
1042,"You is like two faces undah one cap"
1043,"You knack you' drum, you dance youse'f"
1044,"You leap 'alf, you fall a-trench"
1045,"You look fo' 'tick fo' bruck you' own head"
1047,"You' matty bu'iness you a-min, you lef' you dinkies a-grass"
1048,"You mek you' bed saf', you sa lay down saf"
1049,"You mout' run like a sore foot"
1050,"You na know jumby, ask cow"
1051,"You na rattan fo' me, me no 'tinkin' fo' you"
1052,"You no able gie biscuit, no mek somebody loss bread"
1053,"You no cleah groun' fo' monkey run 'pon"
1054,"You no t'row Buck a-watah"
1055,"You own shut you' yeye, matty own open you' yeye"
1056,"You sabby run, you no sabby hide"
1057,"You see matty face, you no see he haat"
1058,"You see smoke, fiah deh"
1059,"You no tek me name mek pass"
1060,"Zulu man a-cry fo' libin', he no a-cry fo' han.'"
